{"count":1,"self":95.589427199999989,"total":137.7520554,"children":{"InitializeActuators":{"count":8,"self":0.0019946,"total":0.0019946,"children":null},"InitializeSensors":{"count":8,"self":0.0099724999999999987,"total":0.0099724999999999987,"children":null},"AgentSendState":{"count":302,"self":0.13638139999999999,"total":42.1127592,"children":{"GridSensor.Update":{"count":2416,"self":40.1186912,"total":40.1186906,"children":null},"CollectObservations":{"count":2416,"self":0.32107199999999997,"total":0.32107199999999997,"children":null},"WriteActionMask":{"count":2416,"self":0.012966199999999999,"total":0.012966199999999999,"children":null},"RequestDecision":{"count":2416,"self":0.0504178,"total":1.523649,"children":{"GridSensor.GetCompressedObservation":{"count":2416,"self":1.4732311999999999,"total":1.4732311999999999,"children":null}}}}},"DecideAction":{"count":302,"self":0.0179554,"total":0.0179554,"children":null},"AgentAct":{"count":302,"self":0.019943799999999998,"total":0.019943799999999998,"children":null}},"gauges":{},"metadata":{"timer_format_version":"0.1.0","start_time_seconds":"1677306725","unity_version":"2021.2.7f1","command_line_arguments":"D:\\Program Files (x86)\\Unity\\2021.2.7f1\\Editor\\Unity.exe -projectpath D:\/Users\/Jax\/Documents\/Work\/Projects\/Machine Learning\/Machine Learning -useHub -hubIPC -cloudEnvironment production -hubSessionId 9e3c8510-b3f1-11ed-9beb-398e700022ce -accessToken n9wNORVU1Pg0Z4I610OqLOyM5yNznNqMXfb_tKtTwF8002f","communication_protocol_version":"1.5.0","com.unity.ml-agents_version":"2.3.0-exp.2","scene_name":"Worker","end_time_seconds":"1677306862"}}