{"count":1,"self":1573.0553856,"total":23606.8818288,"children":{"InitializeActuators":{"count":8,"self":0.0029962,"total":0.0029962,"children":null},"InitializeSensors":{"count":8,"self":0.0099735999999999991,"total":0.0099735999999999991,"children":null},"AgentSendState":{"count":1250334,"self":82.6677696,"total":12957.967276399999,"children":{"GridSensor.Update":{"count":2000536,"self":10727.7344768,"total":10727.7345689,"children":null},"CollectObservations":{"count":2000536,"self":268.077696,"total":268.0776984,"children":null},"WriteActionMask":{"count":2000536,"self":8.7021512,"total":8.7021512999999988,"children":null},"RequestDecision":{"count":2000536,"self":40.706851199999996,"total":1870.7850895,"children":{"AgentInfo.ToProto":{"count":2000536,"self":30.1278176,"total":1830.0782396999998,"children":{"GenerateSensorData":{"count":2000536,"self":92.50285439999999,"total":1799.9504226,"children":{"GridSensor.GetCompressedObservation":{"count":2000536,"self":1707.4476032,"total":1707.4475694,"children":null}}}}}}}}},"DecideAction":{"count":1250334,"self":8927.3311232,"total":8927.331134,"children":null},"AgentAct":{"count":1250334,"self":135.60655359999998,"total":148.4581776,"children":{"GridSensor.Update":{"count":2000,"self":11.0650072,"total":11.065007099999999,"children":null},"AgentInfo.ToProto":{"count":2000,"self":0.034401,"total":1.7866213,"children":{"GenerateSensorData":{"count":2000,"self":0.084899099999999991,"total":1.7522202999999998,"children":{"GridSensor.GetCompressedObservation":{"count":2000,"self":1.6673212,"total":1.6673212,"children":null}}}}}}}},"gauges":{"Worker.CumulativeReward":{"count":2000,"max":2366.64844,"min":-86.9182739,"runningAverage":581.5394,"value":1366.24854,"weightedAverage":1680.2749}},"metadata":{"timer_format_version":"0.1.0","start_time_seconds":"1678229121","unity_version":"2022.2.9f1","command_line_arguments":"D:\\Program Files (x86)\\Unity\\2022.2.9f1\\Editor\\Unity.exe -projectpath D:\\Users\\Jax\\Documents\\Work\\Projects\\Machine Learning\\Machine Learning -useHub -hubIPC -cloudEnvironment production -licensingIpc LicenseClient-xHgAhqt8Fav0cH7U4oV3Y -hubSessionId df23e320-bc75-11ed-a46c-357a86347062 -accessToken n1cWXfaBTWcALJDN3miiK3-P47A_DZ2um6IFEsaepGk002f","communication_protocol_version":"1.5.0","com.unity.ml-agents_version":"2.3.0-exp.2","scene_name":"Worker","end_time_seconds":"1678252717"}}